-- phpMyAdmin SQL Dump
-- version 4.1.14.3
-- http://www.phpmyadmin.net
--
-- Host: localhost
-- Erstellungszeit: 05. Sep 2014 um 22:13
-- Server Version: 5.1.73-1
-- PHP-Version: 5.3.28-1~nc.1

SET SQL_MODE = "NO_AUTO_VALUE_ON_ZERO";
SET time_zone = "+00:00";


/*!40101 SET @OLD_CHARACTER_SET_CLIENT=@@CHARACTER_SET_CLIENT */;
/*!40101 SET @OLD_CHARACTER_SET_RESULTS=@@CHARACTER_SET_RESULTS */;
/*!40101 SET @OLD_COLLATION_CONNECTION=@@COLLATION_CONNECTION */;
/*!40101 SET NAMES utf8 */;

--
-- Datenbank: `usr_web836_2`
--

-- --------------------------------------------------------

--
-- Tabellenstruktur für Tabelle `modules_config`
--

CREATE TABLE IF NOT EXISTS `modules_config` (
  `module_id` int(3) NOT NULL AUTO_INCREMENT,
  `module_name` varchar(50) NOT NULL,
  `module_description` text NOT NULL,
  `module_status` int(1) NOT NULL,
  PRIMARY KEY (`module_id`)
) ENGINE=MyISAM  DEFAULT CHARSET=latin1 AUTO_INCREMENT=3 ;

--
-- Daten für Tabelle `modules_config`
--

INSERT INTO `modules_config` (`module_id`, `module_name`, `module_description`, `module_status`) VALUES
(1, 'Temperaturüberwachung', 'Modul zur Überwachung von Temperaturen und der automatischen Erzeugung von Graphen mit Temperaturwerten', 1),
(2, 'Kameraüberwachung', 'Modul zur Überwachung von Räumen per an einen Raspberry Pi angeschlossenen Kamera.', 1);

-- --------------------------------------------------------

--
-- Tabellenstruktur für Tabelle `sensors`
--

CREATE TABLE IF NOT EXISTS `sensors` (
  `sensor_id` int(5) NOT NULL AUTO_INCREMENT,
  `sensor_unit` varchar(50) NOT NULL,
  `name` varchar(255) NOT NULL,
  `sensor_hardware_id` varchar(255) NOT NULL,
  `description` text NOT NULL,
  `status` int(1) NOT NULL,
  `sensor_group_id` int(5) NOT NULL,
  `sensor_html_color` varchar(7) NOT NULL,
  `sensor_symbol` varchar(25) NOT NULL,
  PRIMARY KEY (`sensor_id`)
) ENGINE=MyISAM  DEFAULT CHARSET=latin1 AUTO_INCREMENT=5 ;

--
-- Daten für Tabelle `sensors`
--

INSERT INTO `sensors` (`sensor_id`, `sensor_unit`, `name`, `sensor_hardware_id`, `description`, `status`, `sensor_group_id`, `sensor_html_color`, `sensor_symbol`) VALUES
(1, '°C', 'Balkon (Schatten)', '28-000004026ed7', '', 1, 1, '#0d3d6f', 'circle'),
(2, '°C', 'Wohnzimmer Hifi Rack Oben rechts (Router)', '28-000004028a65', '', 0, 1, '#459df6', 'triangle'),
(3, '°C', 'Raspberry Pi CPU Temperatur', '5fd7fe', '', 1, 2, '#ff0000', 'cross'),
(4, '°C', 'Test Sensor', 'asdf', 'asdf', 0, 2, '#fff', '');

-- --------------------------------------------------------

--
-- Tabellenstruktur für Tabelle `sensor_groups`
--

CREATE TABLE IF NOT EXISTS `sensor_groups` (
  `sensor_group_id` int(5) NOT NULL AUTO_INCREMENT,
  `group_name` varchar(255) NOT NULL,
  `group_description` text NOT NULL,
  `status` int(1) NOT NULL,
  PRIMARY KEY (`sensor_group_id`)
) ENGINE=MyISAM  DEFAULT CHARSET=latin1 AUTO_INCREMENT=3 ;

--
-- Daten für Tabelle `sensor_groups`
--

INSERT INTO `sensor_groups` (`sensor_group_id`, `group_name`, `group_description`, `status`) VALUES
(1, 'Balkon', '', 1),
(2, 'Küche', '', 1);

-- --------------------------------------------------------

--
-- Tabellenstruktur für Tabelle `sensor_notifications`
--

CREATE TABLE IF NOT EXISTS `sensor_notifications` (
  `sensor_notification_id` int(5) NOT NULL AUTO_INCREMENT,
  `sensor_id` int(5) NOT NULL,
  `max_value` text NOT NULL,
  `min_value` varchar(255) NOT NULL,
  `warning_value` varchar(255) NOT NULL,
  `notification_status` int(1) NOT NULL,
  PRIMARY KEY (`sensor_notification_id`)
) ENGINE=MyISAM  DEFAULT CHARSET=latin1 AUTO_INCREMENT=4 ;

--
-- Daten für Tabelle `sensor_notifications`
--

INSERT INTO `sensor_notifications` (`sensor_notification_id`, `sensor_id`, `max_value`, `min_value`, `warning_value`, `notification_status`) VALUES
(1, 3, '60', '10', '50', 0),
(3, 2, '60', '10', '50', 0),
(2, 1, '60', '10', '50', 0);

-- --------------------------------------------------------

--
-- Tabellenstruktur für Tabelle `sensor_values`
--

CREATE TABLE IF NOT EXISTS `sensor_values` (
  `value_id` int(10) NOT NULL AUTO_INCREMENT,
  `value` varchar(20) NOT NULL,
  `sensor_id` varchar(40) NOT NULL,
  `timestamp` int(255) NOT NULL,
  PRIMARY KEY (`value_id`)
) ENGINE=MyISAM  DEFAULT CHARSET=latin1 AUTO_INCREMENT=620 ;

--
-- Daten für Tabelle `sensor_values`
--

INSERT INTO `sensor_values` (`value_id`, `value`, `sensor_id`, `timestamp`) VALUES
(44, '15.56', '1', 1409699701),
(43, '35.8', '3', 1409698801),
(42, '15.38', '1', 1409698801),
(41, '35.8', '3', 1409697902),
(40, '15.75', '1', 1409697902),
(39, '35.8', '3', 1409697001),
(38, '17.06', '1', 1409697001),
(37, '35.8', '3', 1409696101),
(36, '18.88', '1', 1409696101),
(35, '35.8', '3', 1409695797),
(34, '19.06', '1', 1409695797),
(33, '35.8', '3', 1409695201),
(32, '18.75', '1', 1409695201),
(23, '35.8', '3', 1409693044),
(22, '19.13', '1', 1409693044),
(21, '36.3', '3', 1409692996),
(20, '19.31', '1', 1409692996),
(45, '35.8', '3', 1409699701),
(46, '15.31', '1', 1409700602),
(47, '35.2', '3', 1409700602),
(48, '15.19', '1', 1409701501),
(49, '35.8', '3', 1409701501),
(50, '15', '1', 1409702402),
(51, '34.7', '3', 1409702402),
(52, '14.94', '1', 1409703301),
(53, '34.7', '3', 1409703301),
(54, '14.94', '1', 1409704201),
(55, '34.7', '3', 1409704201),
(56, '14.81', '1', 1409705101),
(57, '34.7', '3', 1409705101),
(58, '14.5', '1', 1409706001),
(59, '34.7', '3', 1409706001),
(60, '14.5', '1', 1409706902),
(61, '34.7', '3', 1409706902),
(62, '14.63', '1', 1409707802),
(63, '34.7', '3', 1409707802),
(64, '14.44', '1', 1409708701),
(65, '34.2', '3', 1409708701),
(66, '14.44', '1', 1409709601),
(67, '33.6', '3', 1409709601),
(68, '14.38', '1', 1409710501),
(69, '34.2', '3', 1409710501),
(70, '14.38', '1', 1409711401),
(71, '34.7', '3', 1409711401),
(72, '14.19', '1', 1409712301),
(73, '34.7', '3', 1409712301),
(74, '14', '1', 1409713202),
(75, '34.7', '3', 1409713202),
(76, '14.13', '1', 1409714101),
(77, '34.7', '3', 1409714101),
(78, '14', '1', 1409715001),
(79, '34.2', '3', 1409715001),
(80, '13.88', '1', 1409715902),
(81, '34.7', '3', 1409715902),
(82, '13.81', '1', 1409716801),
(83, '34.2', '3', 1409716801),
(84, '13.63', '1', 1409717702),
(85, '33.6', '3', 1409717702),
(86, '13.75', '1', 1409718601),
(87, '34.2', '3', 1409718601),
(88, '13.69', '1', 1409719502),
(89, '33.6', '3', 1409719502),
(90, '13.81', '1', 1409720401),
(91, '33.6', '3', 1409720401),
(92, '13.88', '1', 1409721301),
(93, '34.2', '3', 1409721301),
(94, '14.13', '1', 1409722202),
(95, '34.2', '3', 1409722202),
(96, '14.31', '1', 1409723101),
(97, '34.7', '3', 1409723101),
(98, '14.5', '1', 1409724002),
(99, '34.2', '3', 1409724002),
(100, '14.81', '1', 1409724901),
(101, '34.2', '3', 1409724901),
(102, '15.38', '1', 1409725801),
(103, '34.2', '3', 1409725801),
(104, '16.38', '1', 1409726701),
(105, '34.7', '3', 1409726701),
(106, '17.13', '1', 1409727601),
(107, '35.8', '3', 1409727601),
(108, '17.94', '1', 1409728502),
(109, '36.3', '3', 1409728502),
(110, '18.69', '1', 1409729401),
(111, '36.9', '3', 1409729401),
(112, '19.81', '1', 1409730301),
(113, '37.9', '3', 1409730301),
(114, '27', '1', 1409731201),
(115, '41.7', '3', 1409731201),
(116, '22.63', '1', 1409732101),
(117, '43.3', '3', 1409732101),
(118, '29.19', '1', 1409733002),
(119, '48.7', '3', 1409733002),
(120, '34.13', '1', 1409733901),
(121, '53.5', '3', 1409733901),
(122, '32.38', '1', 1409734802),
(123, '55.1', '3', 1409734802),
(124, '31.69', '1', 1409735701),
(125, '54.6', '3', 1409735701),
(126, '27.13', '1', 1409736601),
(127, '47.6', '3', 1409736601),
(128, '39.5', '1', 1409737501),
(129, '51.4', '3', 1409737501),
(130, '33.19', '1', 1409738401),
(131, '55.7', '3', 1409738401),
(132, '35.25', '1', 1409739301),
(133, '55.1', '3', 1409739301),
(134, '36.81', '1', 1409740201),
(135, '61.6', '3', 1409740201),
(136, '31.13', '1', 1409741102),
(137, '57.3', '3', 1409741102),
(138, '31.13', '1', 1409742001),
(139, '59.5', '3', 1409742001),
(140, '32.44', '1', 1409742902),
(141, '57.3', '3', 1409742902),
(142, '32', '1', 1409743801),
(143, '53', '3', 1409743801),
(144, '25.56', '1', 1409744701),
(145, '48.2', '3', 1409744701),
(146, '24.5', '1', 1409745602),
(147, '44.4', '3', 1409745602),
(148, '23.5', '1', 1409746501),
(149, '43.3', '3', 1409746501),
(150, '23.5', '1', 1409747401),
(151, '42.2', '3', 1409747401),
(152, '21.81', '1', 1409748302),
(153, '40.1', '3', 1409748302),
(154, '22.13', '1', 1409749201),
(155, '40.1', '3', 1409749201),
(156, '21.81', '1', 1409750102),
(157, '40.1', '3', 1409750102),
(158, '21.38', '1', 1409751001),
(159, '39.5', '3', 1409751001),
(160, '21.31', '1', 1409751901),
(161, '38.5', '3', 1409751901),
(162, '21.56', '1', 1409752801),
(163, '39.5', '3', 1409752801),
(164, '21.31', '1', 1409753701),
(165, '39', '3', 1409753701),
(166, '21.31', '1', 1409754602),
(167, '40.1', '3', 1409754602),
(168, '20.94', '1', 1409755501),
(169, '39', '3', 1409755501),
(170, '20.75', '1', 1409756402),
(171, '39', '3', 1409756402),
(172, '20.5', '1', 1409757301),
(173, '39', '3', 1409757301),
(174, '20.38', '1', 1409758201),
(175, '38.5', '3', 1409758201),
(176, '20.31', '1', 1409759101),
(177, '38.5', '3', 1409759101),
(178, '19.75', '1', 1409760001),
(179, '37.9', '3', 1409760001),
(180, '19.69', '1', 1409760902),
(181, '37.9', '3', 1409760902),
(182, '19.5', '1', 1409761801),
(183, '37.9', '3', 1409761801),
(184, '19.5', '1', 1409762702),
(185, '38.5', '3', 1409762702),
(186, '19.44', '1', 1409763601),
(187, '38.5', '3', 1409763601),
(188, '19', '1', 1409764501),
(189, '36.9', '3', 1409764501),
(190, '19', '1', 1409765402),
(191, '37.4', '3', 1409765402),
(192, '18.81', '1', 1409766301),
(193, '37.9', '3', 1409766301),
(194, '18.5', '1', 1409767202),
(195, '37.9', '3', 1409767202),
(196, '18.25', '1', 1409768101),
(197, '37.4', '3', 1409768101),
(198, '18.06', '1', 1409769001),
(199, '37.4', '3', 1409769001),
(200, '17.88', '1', 1409769901),
(201, '36.9', '3', 1409769901),
(202, '17.63', '1', 1409770801),
(203, '37.4', '3', 1409770801),
(204, '17.56', '1', 1409771702),
(205, '36.9', '3', 1409771702),
(206, '17.31', '1', 1409772601),
(207, '36.3', '3', 1409772601),
(208, '17.31', '1', 1409773501),
(209, '36.9', '3', 1409773501),
(210, '17.06', '1', 1409774402),
(211, '36.9', '3', 1409774402),
(212, '17', '1', 1409775301),
(213, '36.3', '3', 1409775301),
(214, '16.69', '1', 1409776201),
(215, '36.3', '3', 1409776201),
(216, '16.56', '1', 1409777101),
(217, '35.8', '3', 1409777101),
(218, '16.56', '1', 1409778001),
(219, '35.8', '3', 1409778001),
(220, '16.38', '1', 1409778902),
(221, '35.8', '3', 1409778902),
(222, '16.38', '1', 1409779802),
(223, '35.8', '3', 1409779802),
(253, '35.8', '3', 1409782501),
(252, '16.25', '1', 1409782501),
(251, '36.9', '3', 1409782429),
(246, '36.3', '3', 1409782041),
(254, '16.19', '1', 1409782521),
(241, '35.8', '3', 1409781602),
(250, '16.38', '1', 1409782429),
(249, '36.3', '3', 1409782379),
(248, '16.38', '1', 1409782379),
(247, '36.3', '3', 1409782074),
(255, '35.8', '3', 1409782521),
(256, '16', '1', 1409783401),
(257, '35.8', '3', 1409783401),
(258, '16.19', '1', 1409784302),
(259, '35.8', '3', 1409784302),
(260, '15.94', '1', 1409785201),
(261, '35.8', '3', 1409785201),
(262, '15.94', '1', 1409786102),
(263, '35.8', '3', 1409786102),
(264, '15.81', '1', 1409787001),
(265, '35.8', '3', 1409787001),
(266, '15.81', '1', 1409787901),
(267, '35.8', '3', 1409787901),
(268, '15.69', '1', 1409788802),
(269, '35.8', '3', 1409788802),
(270, '15.63', '1', 1409789701),
(271, '35.8', '3', 1409789701),
(272, '15.56', '1', 1409790602),
(273, '35.8', '3', 1409790602),
(274, '15.31', '1', 1409791501),
(275, '35.8', '3', 1409791501),
(276, '15.44', '1', 1409792402),
(277, '34.7', '3', 1409792402),
(278, '15.31', '1', 1409793301),
(279, '35.2', '3', 1409793301),
(280, '15.13', '1', 1409794201),
(281, '34.7', '3', 1409794201),
(282, '15', '1', 1409795101),
(283, '34.7', '3', 1409795101),
(284, '14.88', '1', 1409796001),
(285, '34.7', '3', 1409796001),
(286, '14.94', '1', 1409796902),
(287, '35.2', '3', 1409796902),
(288, '14.75', '1', 1409797801),
(289, '34.7', '3', 1409797801),
(290, '14.75', '1', 1409798702),
(291, '34.7', '3', 1409798702),
(292, '14.88', '1', 1409799601),
(293, '34.7', '3', 1409799601),
(294, '14.88', '1', 1409800502),
(295, '35.2', '3', 1409800502),
(296, '14.75', '1', 1409801401),
(297, '35.8', '3', 1409801401),
(298, '14.63', '1', 1409802301),
(299, '35.8', '3', 1409802301),
(300, '14.63', '1', 1409803202),
(301, '34.7', '3', 1409803202),
(302, '14.44', '1', 1409804101),
(303, '34.7', '3', 1409804101),
(304, '14.44', '1', 1409805001),
(305, '34.7', '3', 1409805001),
(306, '14.56', '1', 1409805901),
(307, '34.7', '3', 1409805901),
(308, '14.81', '1', 1409806801),
(309, '34.7', '3', 1409806801),
(310, '14.63', '1', 1409807701),
(311, '34.7', '3', 1409807701),
(312, '14.75', '1', 1409808601),
(313, '34.7', '3', 1409808601),
(314, '15', '1', 1409809502),
(315, '35.8', '3', 1409809502),
(316, '15.31', '1', 1409810401),
(317, '35.8', '3', 1409810401),
(318, '15.56', '1', 1409811302),
(319, '35.2', '3', 1409811302),
(320, '16.06', '1', 1409812201),
(321, '35.8', '3', 1409812201),
(322, '16.63', '1', 1409813102),
(323, '35.8', '3', 1409813102),
(324, '16.63', '1', 1409814001),
(325, '36.3', '3', 1409814001),
(326, '18.94', '1', 1409814902),
(327, '37.9', '3', 1409814902),
(328, '20.75', '1', 1409815801),
(329, '39.5', '3', 1409815801),
(330, '31.44', '1', 1409816701),
(331, '50.8', '3', 1409816701),
(332, '33.44', '1', 1409817601),
(333, '58.4', '3', 1409817601),
(334, '35.88', '1', 1409818501),
(335, '60.5', '3', 1409818501),
(336, '36.63', '1', 1409819402),
(337, '60.5', '3', 1409819402),
(338, '37.69', '1', 1409820302),
(339, '60.5', '3', 1409820302),
(340, '32.5', '1', 1409821202),
(341, '58.4', '3', 1409821202),
(342, '27.56', '1', 1409822101),
(343, '53', '3', 1409822101),
(344, '33.19', '1', 1409823002),
(345, '50.3', '3', 1409823002),
(346, '28.31', '1', 1409823902),
(347, '49.8', '3', 1409823902),
(348, '27.38', '1', 1409824801),
(349, '47.1', '3', 1409824801),
(350, '26.81', '1', 1409825701),
(351, '45.5', '3', 1409825701),
(352, '25.88', '1', 1409826602),
(353, '43.3', '3', 1409826602),
(354, '25.5', '1', 1409827501),
(355, '43.3', '3', 1409827501),
(356, '25.25', '1', 1409828402),
(357, '42.8', '3', 1409828402),
(358, '24.75', '1', 1409829301),
(359, '41.2', '3', 1409829301),
(360, '24.38', '1', 1409830201),
(361, '41.2', '3', 1409830201),
(362, '24.75', '1', 1409831101),
(363, '41.2', '3', 1409831101),
(364, '24.94', '1', 1409832001),
(365, '42.2', '3', 1409832001),
(366, '24.44', '1', 1409832902),
(367, '41.7', '3', 1409832902),
(368, '24', '1', 1409833801),
(369, '41.2', '3', 1409833801),
(370, '23.63', '1', 1409834702),
(371, '40.6', '3', 1409834702),
(372, '23.25', '1', 1409835601),
(373, '41.2', '3', 1409835601),
(374, '23.25', '1', 1409836501),
(375, '40.6', '3', 1409836501),
(376, '22.81', '1', 1409837401),
(377, '40.6', '3', 1409837401),
(378, '22.5', '1', 1409838301),
(379, '40.1', '3', 1409838301),
(380, '22.5', '1', 1409839201),
(381, '40.1', '3', 1409839201),
(382, '22.56', '1', 1409840101),
(383, '40.1', '3', 1409840101),
(384, '22.31', '1', 1409841001),
(385, '40.1', '3', 1409841001),
(386, '22.31', '1', 1409841902),
(387, '40.1', '3', 1409841902),
(388, '22.19', '1', 1409842801),
(389, '40.1', '3', 1409842801),
(390, '22.06', '1', 1409843702),
(391, '40.6', '3', 1409843702),
(392, '21.81', '1', 1409844601),
(393, '40.1', '3', 1409844601),
(394, '21.63', '1', 1409845501),
(395, '40.1', '3', 1409845501),
(396, '21.38', '1', 1409846402),
(397, '40.1', '3', 1409846402),
(398, '21.13', '1', 1409847301),
(399, '39.5', '3', 1409847301),
(400, '20.88', '1', 1409848201),
(401, '39', '3', 1409848201),
(402, '20.5', '1', 1409849101),
(403, '38.5', '3', 1409849101),
(404, '20.5', '1', 1409850001),
(405, '39', '3', 1409850001),
(406, '20.13', '1', 1409850902),
(407, '37.9', '3', 1409850902),
(408, '19.75', '1', 1409851801),
(409, '38.5', '3', 1409851801),
(410, '19.31', '1', 1409852701),
(411, '37.9', '3', 1409852701),
(412, '19.13', '1', 1409853602),
(413, '38.5', '3', 1409853602),
(414, '19.06', '1', 1409854501),
(415, '37.9', '3', 1409854501),
(416, '19', '1', 1409855401),
(417, '38.5', '3', 1409855401),
(418, '18.75', '1', 1409856302),
(419, '38.5', '3', 1409856302),
(420, '18.81', '1', 1409857201),
(421, '38.5', '3', 1409857201),
(422, '18.75', '1', 1409858102),
(423, '38.5', '3', 1409858102),
(424, '18.75', '1', 1409859002),
(425, '37.9', '3', 1409859002),
(426, '18.31', '1', 1409859901),
(427, '37.9', '3', 1409859901),
(428, '18.31', '1', 1409860802),
(429, '37.9', '3', 1409860802),
(430, '18', '1', 1409861701),
(431, '38.5', '3', 1409861701),
(432, '18.06', '1', 1409862601),
(433, '37.9', '3', 1409862601),
(434, '17.81', '1', 1409863502),
(435, '37.4', '3', 1409863502),
(436, '17.88', '1', 1409864401),
(437, '37.9', '3', 1409864401),
(438, '17.88', '1', 1409865302),
(439, '37.4', '3', 1409865302),
(440, '17.69', '1', 1409866201),
(441, '37.9', '3', 1409866201),
(442, '17.69', '1', 1409867101),
(443, '37.9', '3', 1409867101),
(444, '17.63', '1', 1409868002),
(445, '37.9', '3', 1409868002),
(446, '17.56', '1', 1409868901),
(447, '37.4', '3', 1409868901),
(448, '17.38', '1', 1409869802),
(449, '37.9', '3', 1409869802),
(450, '17.44', '1', 1409870701),
(451, '37.4', '3', 1409870701),
(452, '17.19', '1', 1409871602),
(453, '36.9', '3', 1409871602),
(454, '17.13', '1', 1409872501),
(455, '37.9', '3', 1409872501),
(456, '17.19', '1', 1409873401),
(457, '37.4', '3', 1409873401),
(458, '17.25', '1', 1409874301),
(459, '37.9', '3', 1409874301),
(460, '17.13', '1', 1409875201),
(461, '36.9', '3', 1409875201),
(462, '17', '1', 1409876102),
(463, '36.9', '3', 1409876102),
(464, '16.94', '1', 1409877002),
(465, '36.9', '3', 1409877002),
(466, '17', '1', 1409877901),
(467, '36.9', '3', 1409877901),
(468, '16.94', '1', 1409878801),
(469, '36.9', '3', 1409878801),
(470, '16.88', '1', 1409879702),
(471, '36.9', '3', 1409879702),
(472, '16.81', '1', 1409880602),
(473, '37.4', '3', 1409880602),
(474, '16.69', '1', 1409881501),
(475, '36.9', '3', 1409881501),
(476, '16.69', '1', 1409882401),
(477, '36.9', '3', 1409882401),
(478, '16.69', '1', 1409883302),
(479, '36.9', '3', 1409883302),
(480, '16.69', '1', 1409884201),
(481, '36.9', '3', 1409884201),
(482, '16.69', '1', 1409885101),
(483, '36.9', '3', 1409885101),
(484, '16.81', '1', 1409886002),
(485, '36.9', '3', 1409886002),
(486, '16.75', '1', 1409886901),
(487, '36.9', '3', 1409886901),
(488, '16.75', '1', 1409887801),
(489, '37.4', '3', 1409887801),
(490, '16.88', '1', 1409888701),
(491, '36.9', '3', 1409888701),
(492, '16.75', '1', 1409889602),
(493, '37.4', '3', 1409889602),
(494, '16.81', '1', 1409890501),
(495, '36.3', '3', 1409890501),
(496, '16.75', '1', 1409891401),
(497, '36.9', '3', 1409891401),
(498, '16.75', '1', 1409892301),
(499, '37.4', '3', 1409892301),
(500, '16.75', '1', 1409893202),
(501, '36.9', '3', 1409893202),
(502, '16.63', '1', 1409894101),
(503, '36.9', '3', 1409894101),
(504, '16.81', '1', 1409895001),
(505, '36.3', '3', 1409895001),
(506, '16.94', '1', 1409895901),
(507, '36.9', '3', 1409895901),
(508, '17.25', '1', 1409896801),
(509, '37.9', '3', 1409896801),
(510, '17.31', '1', 1409897701),
(511, '36.9', '3', 1409897701),
(512, '17.25', '1', 1409898601),
(513, '37.4', '3', 1409898601),
(514, '17.44', '1', 1409899502),
(515, '36.9', '3', 1409899502),
(516, '17.69', '1', 1409900401),
(517, '37.4', '3', 1409900401),
(518, '18', '1', 1409901302),
(519, '38.5', '3', 1409901302),
(520, '18.75', '1', 1409902202),
(521, '38.5', '3', 1409902202),
(522, '19.75', '1', 1409903101),
(523, '38.5', '3', 1409903101),
(524, '19.75', '1', 1409904001),
(525, '45.5', '3', 1409904001),
(526, '31.06', '1', 1409904902),
(527, '53', '3', 1409904902),
(528, '30.31', '1', 1409905801),
(529, '49.8', '3', 1409905801),
(530, '25.31', '1', 1409906702),
(531, '46.5', '3', 1409906702),
(532, '25.94', '1', 1409907601),
(533, '45.5', '3', 1409907601),
(534, '25.94', '1', 1409908501),
(535, '46.5', '3', 1409908501),
(536, '26', '1', 1409909402),
(537, '45.5', '3', 1409909402),
(538, '26.63', '1', 1409910301),
(539, '45.5', '3', 1409910301),
(540, '26.31', '1', 1409911201),
(541, '45.5', '3', 1409911201),
(542, '26.94', '1', 1409912102),
(543, '45.5', '3', 1409912102),
(544, '26.06', '1', 1409913002),
(545, '45.5', '3', 1409913002),
(546, '25.44', '1', 1409913901),
(547, '44.4', '3', 1409913901),
(548, '25.38', '1', 1409914801),
(549, '44.4', '3', 1409914801),
(550, '25.38', '1', 1409915701),
(551, '44.4', '3', 1409915701),
(552, '25.88', '1', 1409916601),
(553, '43.9', '3', 1409916601),
(554, '25.5', '1', 1409918402),
(555, '43.3', '3', 1409918402),
(556, '25.19', '1', 1409919301),
(557, '43.3', '3', 1409919301),
(558, '25.13', '1', 1409920201),
(559, '43.3', '3', 1409920201),
(560, '25.06', '1', 1409921101),
(561, '43.3', '3', 1409921101),
(562, '24.94', '1', 1409922001),
(563, '43.3', '3', 1409922001),
(564, '24.38', '1', 1409922902),
(565, '43.3', '3', 1409922902),
(566, '23.75', '1', 1409923801),
(567, '43.3', '3', 1409923801),
(568, '23.63', '1', 1409924701),
(569, '42.8', '3', 1409924701),
(570, '23.25', '1', 1409925602),
(571, '42.8', '3', 1409925602),
(572, '23.19', '1', 1409926501),
(573, '42.8', '3', 1409926501),
(574, '23.25', '1', 1409927401),
(575, '42.2', '3', 1409927401),
(576, '23', '1', 1409928302),
(577, '42.2', '3', 1409928302),
(578, '23', '1', 1409929201),
(579, '42.2', '3', 1409929201),
(580, '22.88', '1', 1409930101),
(581, '42.2', '3', 1409930101),
(582, '22.94', '1', 1409931002),
(583, '42.2', '3', 1409931002),
(584, '23.06', '1', 1409931902),
(585, '42.8', '3', 1409931902),
(586, '23', '1', 1409932801),
(587, '42.2', '3', 1409932801),
(588, '22.88', '1', 1409933701),
(589, '42.2', '3', 1409933701),
(590, '22.75', '1', 1409934601),
(591, '42.2', '3', 1409934601),
(592, '22.63', '1', 1409935502),
(593, '42.2', '3', 1409935502),
(594, '22.5', '1', 1409936401),
(595, '41.2', '3', 1409936401),
(596, '22.31', '1', 1409937302),
(597, '42.2', '3', 1409937302),
(598, '22.19', '1', 1409938202),
(599, '41.7', '3', 1409938202),
(600, '22.13', '1', 1409939101),
(601, '41.7', '3', 1409939101),
(602, '22', '1', 1409940002),
(603, '41.2', '3', 1409940002),
(604, '21.81', '1', 1409940902),
(605, '41.2', '3', 1409940902),
(606, '21.75', '1', 1409941802),
(607, '41.2', '3', 1409941802),
(608, '21.75', '1', 1409942701),
(609, '41.2', '3', 1409942701),
(610, '21.63', '1', 1409943602),
(611, '41.2', '3', 1409943602),
(612, '21.63', '1', 1409944501),
(613, '40.6', '3', 1409944501),
(614, '21.38', '1', 1409945402),
(615, '41.2', '3', 1409945402),
(616, '85', '1', 1409946302),
(617, '40.6', '3', 1409946302),
(618, '22.94', '1', 1409947201),
(619, '41.2', '3', 1409947201);

-- --------------------------------------------------------

--
-- Tabellenstruktur für Tabelle `system_user`
--

CREATE TABLE IF NOT EXISTS `system_user` (
  `system_user_id` int(3) NOT NULL AUTO_INCREMENT,
  `system_user_name` varchar(32) NOT NULL,
  `system_user_login_name` varchar(32) NOT NULL,
  `system_user_email` varchar(64) NOT NULL,
  `system_user_password` varchar(255) NOT NULL,
  `system_user_salt` varchar(255) NOT NULL,
  `system_user_status` int(1) NOT NULL,
  `system_user_last_login` int(30) NOT NULL,
  `system_user_last_ip` varchar(15) NOT NULL,
  PRIMARY KEY (`system_user_id`)
) ENGINE=MyISAM  DEFAULT CHARSET=latin1 AUTO_INCREMENT=4 ;

--
-- Daten für Tabelle `system_user`
--

INSERT INTO `system_user` (`system_user_id`, `system_user_name`, `system_user_login_name`, `system_user_email`, `system_user_password`, `system_user_salt`, `system_user_status`, `system_user_last_login`, `system_user_last_ip`) VALUES
(1, 'Sascha Gering', 'geringsa', 'sascha@gering.it', '', '', 1, 1409452737, ''),
(2, 'Jan Jastrow', 'jastroja', 'jan@jastrow.me', '', '', 1, 1409452772, ''),
(3, 'Erna Test', 'tester', 'erna.test@ichwerdegetestet.de', '', '', 0, 1400160032, '');

/*!40101 SET CHARACTER_SET_CLIENT=@OLD_CHARACTER_SET_CLIENT */;
/*!40101 SET CHARACTER_SET_RESULTS=@OLD_CHARACTER_SET_RESULTS */;
/*!40101 SET COLLATION_CONNECTION=@OLD_COLLATION_CONNECTION */;
